{
    "cumulative_input_cost": 9.300000000000001e-05,
    "cumulative_output_cost": 0.0012705,
    "cumulative_total_cost": 0.0013635
}